area_sqft,area_sqm,bedrooms,age,dist_km,price_per_sqft,price
1039.22,96.61,1,61.79,24.44,210.61,218873.30
3320.67,308.55,4,6.47,9.63,215.44,715392.47
3376.78,313.73,5,19.47,10.93,209.51,707474.90
1770.85,164.46,2,13.74,17.23,200.15,354430.88
2757.44,256.18,3,17.78,21.63,202.60,558659.48
994.78,92.31,1,26.13,19.26,184.27,183310.85
1609.14,149.42,2,12.08,15.08,228.61,367866.41
1185.35,110.00,1,50.89,16.94,211.57,250781.92
3230.43,300.06,4,52.42,2.56,209.68,677341.26
2829.65,262.79,5,37.12,1.69,221.11,625674.09
3265.45,303.40,4,44.11,2.63,211.40,690315.76
2111.71,196.20,3,34.26,20.31,177.05,373881.86
1727.48,160.74,2,26.15,17.03,206.24,356266.03
952.72,88.70,1,68.41,15.14,282.37,269015.68
1537.33,142.74,4,51.96,13.56,254.18,390763.97
1362.45,126.64,1,54.04,24.35,154.15,210027.77
2043.03,189.73,3,40.98,1.70,214.24,437692.52
864.87,80.50,1,42.19,18.68,178.19,154111.82
2497.56,231.97,3,20.30,3.61,221.66,553606.79
2309.16,214.46,4,9.57,6.22,225.90,521639.31
1930.20,179.35,1,43.20,19.70,216.63,418133.93
2997.90,278.40,2,68.62,13.55,218.51,655069.08
978.89,91.03,1,10.69,11.17,221.46,216781.30
1212.41,112.74,2,22.94,20.88,167.54,203132.97
2176.17,202.10,3,50.55,14.22,215.16,468217.64
855.58,79.45,2,61.67,14.69,268.44,229671.51
1290.94,119.95,1,16.43,12.72,190.51,245934.32
2791.21,259.33,3,40.85,6.99,193.49,540065.14
3379.55,314.06,5,52.46,2.14,217.10,733711.08
2601.97,241.77,3,61.00,13.33,241.37,628043.12
5879.84,546.28,6,4.35,1.27,410.75,2415168.28
1173.45,109.01,2,12.63,1.59,283.68,332891.02
2328.31,216.44,3,43.19,13.54,205.87,479326.30
1113.27,103.43,1,10.41,8.71,221.24,246301.79
2787.45,258.89,4,10.70,3.21,245.89,685395.02
3237.37,300.70,4,22.83,3.67,200.46,648974.77
2815.76,261.63,4,8.21,16.28,201.64,567779.58
2446.70,227.36,2,22.18,8.55,194.30,475394.05
2699.44,250.91,4,62.69,16.72,216.61,584736.10
2105.01,195.52,3,27.19,16.26,189.70,399325.42
2539.66,235.87,2,31.88,17.49,203.38,516525.83
2193.02,203.74,3,53.79,5.09,238.11,522182.88
1231.74,114.34,1,5.33,5.45,256.74,316234.54
2246.42,208.62,4,14.40,11.41,223.82,502790.29
2282.39,212.14,3,68.45,22.41,212.46,484913.35
2719.92,252.71,3,69.14,15.38,238.92,649831.48
1310.34,121.72,3,16.55,15.42,204.82,268377.84
2389.61,222.07,3,19.24,3.73,226.37,540924.49
3389.93,314.91,4,23.40,3.57,210.62,713991.93
1495.76,138.87,2,43.98,13.87,189.27,283095.70
2467.25,229.16,3,18.18,8.33,228.11,562810.51
966.07,89.65,2,69.42,21.94,255.09,246437.41
758.46,70.60,1,28.54,22.99,141.43,107269.06
1861.29,172.91,2,34.49,7.55,222.96,414999.24
1360.07,126.54,1,44.65,10.22,205.32,279245.02
2874.32,267.04,4,2.45,20.56,222.64,639925.19
1832.93,170.35,2,46.37,6.07,239.00,438078.79
911.64,84.64,1,34.97,10.49,227.14,207070.64
1631.02,151.44,2,55.38,17.76,220.53,359693.54
807.07,75.08,1,60.87,9.74,274.82,221794.97
1120.37,104.21,3,53.68,24.15,217.62,243812.14
2115.59,196.58,3,27.10,8.79,196.33,415344.01
3380.69,314.20,4,16.36,2.72,234.18,791686.20
1522.33,141.30,1,53.78,14.16,230.74,351264.40
995.89,92.40,2,12.88,9.92,267.66,266557.30
2366.33,219.81,3,12.00,18.88,183.58,434419.95
1714.02,159.24,2,67.27,23.40,213.12,365284.65
2199.89,204.42,4,12.71,22.50,177.46,390389.79
3365.61,312.75,4,12.25,12.75,199.68,672051.03
1055.09,98.07,1,52.57,4.40,263.10,277595.99
2250.99,209.09,3,34.49,2.69,235.45,530005.23
870.12,80.64,1,67.96,3.21,346.74,301703.63
1420.33,132.06,2,56.75,7.74,261.48,371386.05
2834.11,263.12,4,40.21,19.57,205.55,582543.71
1103.94,102.51,1,38.61,2.26,250.66,276712.29
1527.34,141.78,2,53.19,3.36,287.99,439855.35
2021.97,187.81,3,6.19,19.32,202.31,409064.84
802.05,74.49,1,47.25,20.61,184.51,147989.15
3350.46,311.29,4,35.84,5.01,195.97,656587.21
2949.77,274.06,4,33.93,15.16,176.55,520781.91
942.79,87.56,1,31.54,9.82,220.18,207587.57
2925.08,271.88,3,7.64,14.23,192.54,563200.50
1145.00,106.59,2,59.05,5.76,302.77,346672.09
2234.48,207.62,2,50.43,15.35,217.99,487084.51
2465.41,229.00,3,30.55,3.66,231.53,570806.72
875.05,81.24,1,29.47,17.50,183.45,160526.65
1590.24,147.69,1,25.39,13.65,198.14,315094.07
1193.06,110.80,1,31.35,12.49,214.46,255858.14
749.96,69.63,1,33.91,12.58,220.49,165362.08
2718.14,252.57,2,6.58,1.98,224.90,611299.92
867.30,80.56,1,35.96,4.18,241.30,209283.22
1103.44,102.57,1,68.69,18.49,256.85,283419.94
883.61,82.12,2,38.93,2.22,275.25,243217.65
2904.41,269.92,4,69.72,11.49,235.73,684644.11
2755.95,255.96,3,29.42,11.90,196.78,542327.43
1808.78,167.84,3,27.99,9.50,208.56,377237.30
1078.71,100.24,2,63.80,7.51,286.23,308760.30
2737.23,254.28,4,58.13,9.33,238.09,651717.44
2727.16,253.47,3,6.54,17.98,233.40,636527.75
2328.72,216.26,3,24.34,4.70,194.70,453397.81
2006.44,186.47,3,4.72,4.29,228.11,457678.38
3221.15,299.21,4,65.02,17.82,212.47,684405.29
1731.20,160.80,2,51.05,15.48,242.54,419880.59
2810.63,261.10,4,29.66,16.97,196.98,553639.85
2041.50,189.64,3,29.49,18.33,187.34,382456.95
814.63,75.73,1,8.38,17.26,207.90,169358.63
1465.75,136.16,2,40.57,4.94,251.64,368842.66
3066.65,284.92,5,48.65,6.94,218.97,671516.26
1523.68,141.44,3,67.99,19.17,241.81,368437.27
1404.57,130.46,2,65.36,13.59,248.52,349066.12
3165.14,294.06,4,55.43,17.61,201.88,638965.80
1587.93,147.44,2,12.63,20.25,188.44,299228.11
1888.29,175.45,3,30.85,2.34,212.04,400395.13
1865.25,173.24,4,13.62,8.70,193.00,359988.69
2688.38,249.80,3,44.22,22.30,170.08,457251.25
2634.96,244.87,3,3.36,12.49,213.51,562580.65
1155.02,107.28,2,37.21,4.74,226.90,262077.09
947.29,87.89,2,65.80,2.63,331.45,313975.85
1690.87,157.09,2,29.62,15.18,198.37,335411.71
1583.69,147.12,2,48.36,7.94,238.93,378393.57
2164.68,201.19,3,25.49,18.92,201.75,436725.77
1062.69,99.00,2,32.12,21.16,171.87,182644.84
3020.68,280.63,3,32.48,23.08,198.69,600181.39
2177.45,202.43,2,11.14,10.67,206.06,448690.47
2610.12,242.33,2,41.23,11.69,213.96,558454.01
3042.85,282.62,4,38.52,11.01,200.63,610500.18
1592.32,147.94,2,1.79,20.54,198.46,316011.32
884.99,82.25,1,41.20,21.63,156.60,138594.29
1018.30,94.49,1,26.93,19.14,154.69,157521.56
864.00,80.29,1,46.37,2.15,271.98,234987.95
1214.79,112.79,1,51.61,21.97,176.24,214089.00
3326.30,309.00,4,42.75,3.58,230.35,766222.50
2660.89,247.16,2,46.97,16.50,208.00,553467.80
2541.97,236.10,4,52.93,13.23,205.84,523250.48
3023.46,280.98,3,60.49,19.46,196.88,595258.08
2448.79,227.40,3,38.69,13.14,197.27,483065.62
2254.30,209.52,3,8.93,16.73,222.33,501197.72
1827.43,169.79,3,32.63,5.15,226.75,414365.20
1167.43,108.48,1,54.68,16.73,227.95,266117.16
1989.26,184.91,1,26.74,8.81,209.41,416572.59
1411.09,131.11,1,8.48,18.47,203.30,286873.54
1852.55,172.02,2,41.65,17.52,193.06,357658.12
2131.24,197.95,3,36.80,23.22,181.14,386051.56
850.46,78.99,1,43.65,18.15,190.27,161820.25
1855.78,172.47,2,9.05,2.11,229.75,426356.42
1054.84,98.00,1,55.28,22.49,188.18,198497.70
1525.76,141.66,2,33.02,2.27,261.08,398344.00
1770.98,164.46,1,63.19,24.76,224.44,397482.34
1406.92,130.64,2,8.71,13.25,224.78,316254.08
2885.27,268.07,4,68.02,7.72,241.58,697029.14
1888.69,175.44,2,31.57,12.54,203.56,384463.89
856.41,79.67,1,55.67,4.95,297.81,255046.72
1772.80,164.69,3,58.53,20.44,228.26,404660.72
2517.09,233.97,2,40.83,2.65,227.22,571920.73
1680.35,156.10,2,4.40,17.47,209.49,352014.09
3366.36,312.80,5,66.63,21.54,211.19,710936.63
2613.39,242.88,2,68.59,23.73,221.07,577740.74
3008.23,279.49,4,6.00,2.18,235.84,709475.33
709.74,65.90,1,45.29,13.47,232.72,165169.26
2581.18,239.74,4,67.75,9.97,227.06,586090.88
3011.87,279.77,4,45.56,18.55,188.91,568970.62
1009.47,93.88,1,2.66,1.38,310.10,313037.08
2802.48,260.23,3,43.76,6.90,227.95,638827.63
1090.82,101.29,1,16.28,17.75,174.45,190296.56
2243.96,208.44,3,21.18,17.66,215.90,484464.58
1988.11,184.65,3,60.47,13.83,227.22,451736.37
837.92,77.73,1,4.77,5.22,286.68,240210.74
2603.33,241.90,3,18.54,21.90,163.00,424349.77
878.59,81.59,2,63.84,5.87,323.78,284465.67
1401.54,130.29,2,5.04,22.67,235.53,330109.30
2592.12,240.88,3,41.72,23.16,191.62,496690.03
1789.37,166.27,2,4.96,23.48,179.04,320363.93
865.59,80.44,2,26.78,4.33,255.94,221543.09
2787.64,258.83,3,48.91,21.42,198.73,553981.06
1649.54,153.17,3,55.90,11.54,214.47,353768.58
2573.57,239.04,3,37.36,15.59,198.02,509617.07
3260.71,302.98,4,60.22,7.04,228.17,743991.69
2514.63,233.59,3,48.07,1.18,242.15,608922.14
1471.19,136.61,3,17.66,11.78,219.87,323477.66
1383.97,128.54,1,69.21,1.00,290.70,402320.48
836.37,77.68,1,67.23,9.73,321.00,268478.38
1201.22,111.63,1,42.50,16.89,157.47,189158.53
2344.30,217.93,3,54.73,15.70,221.22,518597.94
2445.21,227.16,3,9.53,12.62,207.00,506159.41
1505.98,139.76,2,6.35,20.65,207.40,312340.90
2882.25,267.92,3,35.86,13.96,203.95,587820.31
1844.04,171.28,2,7.74,4.83,231.16,426276.89
3179.75,295.40,4,4.80,22.01,222.41,707199.42
1635.63,151.94,3,9.39,4.50,232.90,380940.55
2486.45,231.05,2,24.50,16.11,198.98,494743.19
1268.81,117.92,2,58.64,9.52,262.79,333425.34
1423.79,132.23,1,40.32,20.57,177.20,252292.98
2104.54,195.56,3,31.04,18.47,220.21,463443.98
3318.58,308.30,5,31.21,9.08,217.34,721256.49
1722.30,159.98,2,52.43,12.27,215.94,371917.95
1815.42,168.62,1,3.51,21.19,196.76,357202.42
1722.78,160.01,3,65.57,12.64,269.24,463850.68
3101.42,288.29,4,27.10,24.29,187.80,582432.95
2204.99,204.73,3,36.39,5.71,222.84,491350.85
2603.28,241.95,4,25.32,5.45,211.69,551098.46
3050.71,283.33,5,64.30,6.25,239.62,731012.61
830.95,77.21,1,17.85,14.83,196.05,162904.38
2923.12,271.70,5,38.53,15.98,219.07,640357.24
2442.20,226.81,3,43.05,1.58,220.93,539547.09
1598.70,148.45,3,22.62,6.54,240.62,384678.75
1154.52,107.22,1,9.52,2.03,270.77,312608.93
1896.96,176.16,1,54.55,6.87,253.71,481274.70
6169.20,573.18,6,3.90,1.42,406.81,2509693.87
761.59,70.77,1,41.28,4.74,274.24,208862.75
900.05,83.60,1,33.14,22.88,137.41,123676.27
2782.54,258.52,2,29.67,3.62,201.26,560004.00
1093.77,101.83,1,53.44,23.19,182.03,199102.89
2131.17,197.99,3,10.62,7.89,241.69,515078.99
2768.56,257.29,3,68.02,16.38,217.62,602492.88
2043.35,189.85,2,4.74,11.46,210.00,429107.13
2111.58,196.07,2,15.41,17.82,185.03,390697.05
2017.22,187.36,2,60.81,18.07,213.29,430245.95
3308.23,307.27,4,18.48,14.55,223.96,740918.22
2668.88,247.88,4,49.83,13.01,196.20,523627.16
2247.33,208.80,2,13.66,7.16,221.85,498560.25
2284.69,212.28,2,11.01,15.77,177.38,405259.93
757.87,70.38,2,1.77,15.17,253.30,191971.32
3322.73,308.69,5,28.52,8.96,212.28,705351.55
2723.78,253.08,4,29.67,7.02,207.57,565362.41
1984.27,184.37,2,38.29,14.36,197.79,392474.23
2447.70,227.40,4,25.12,12.50,197.07,482372.15
2959.26,274.92,4,35.64,3.06,225.11,666146.15
1934.50,179.67,3,28.15,10.39,227.24,439589.29
1522.45,141.37,2,20.42,21.73,198.53,302259.64
1523.97,141.51,1,63.84,16.71,246.32,375380.13
1053.86,98.03,1,55.22,3.07,283.14,298393.44
3060.39,284.17,4,5.89,4.51,211.83,648271.02
2772.04,257.38,3,57.24,1.31,224.21,621517.19
2703.27,251.02,2,17.32,7.05,208.75,564305.16
1706.70,158.66,3,46.96,15.63,197.32,336764.06
1456.94,135.27,2,16.39,5.59,234.26,341296.57
2876.45,267.15,4,50.18,8.86,209.59,602877.47
1058.93,98.34,1,17.56,23.97,175.18,185500.00
888.92,82.59,1,41.24,2.24,251.20,223294.95
2864.21,266.06,3,61.65,12.65,225.53,645963.11
2239.16,207.90,3,22.18,14.63,205.25,459597.50
1907.70,177.23,2,29.72,4.87,234.58,447499.01
1953.97,181.50,2,25.89,22.27,205.93,402371.99
2712.10,252.00,4,51.44,23.75,197.05,534407.05
2848.20,264.70,5,40.46,14.07,175.15,498854.07
3212.40,298.48,5,49.63,8.88,194.67,625354.19
959.52,89.22,2,62.20,4.32,285.08,273538.63
2774.12,257.79,3,31.80,2.77,228.47,633815.96
3226.22,299.61,4,9.94,7.01,227.14,732806.69
2262.88,210.32,3,52.75,21.69,211.76,479177.87
2079.04,193.21,2,35.68,20.20,210.73,438108.04
3037.27,282.15,4,27.01,5.61,191.76,582429.93
804.23,74.61,1,64.36,5.99,317.66,255475.76
708.73,65.79,1,64.80,14.75,294.11,208445.57
1018.09,94.67,1,16.53,10.69,214.67,218555.86
1439.85,133.81,2,49.27,4.45,246.87,355449.52
1443.82,134.19,2,69.93,18.76,272.29,393134.58
1551.12,144.09,2,33.44,17.51,181.07,280864.01
1232.59,114.53,2,28.41,9.72,221.01,272412.65
1054.71,97.94,1,35.93,6.49,243.54,256868.66
2839.52,263.83,4,16.01,18.21,203.95,579130.25
1628.16,151.24,1,54.51,14.17,197.74,321959.51
1795.00,166.63,2,24.68,14.98,183.92,330130.15
1203.44,111.73,2,13.79,5.04,234.01,281617.89
2203.37,204.76,2,63.13,12.47,240.55,530014.73
3213.56,298.59,4,13.76,5.35,222.96,716484.30
3196.88,297.05,3,13.72,9.81,211.17,675077.39
1261.41,117.26,2,7.69,8.04,270.70,341463.33
1255.20,116.60,2,14.71,4.92,215.18,270097.27
3259.61,302.81,4,0.76,17.61,209.12,681653.37
1894.76,175.96,3,0.96,7.87,231.50,438642.85
3163.90,293.86,5,44.48,12.73,218.93,692685.65
1934.59,179.61,3,68.14,24.04,213.98,413963.84
2390.76,221.98,2,42.42,4.38,233.55,558351.69
1941.50,180.35,3,63.91,19.04,222.40,431794.63
2634.24,244.75,4,13.49,23.47,224.57,591568.61
1772.61,164.67,2,48.22,22.92,196.85,348929.64
2423.41,225.16,3,2.93,3.87,224.84,544876.06
2699.48,250.81,4,64.68,18.48,211.10,569859.02
1155.28,107.31,1,34.45,23.93,156.69,181019.96
1628.08,151.31,3,24.50,7.20,228.12,371397.82
2787.00,258.99,4,30.66,16.58,185.48,516937.04
2581.28,239.55,3,67.45,20.07,208.54,538303.54
2757.81,256.15,4,30.60,9.89,184.08,507644.73
823.43,76.47,1,37.29,5.78,254.61,209654.43
2679.56,249.08,3,44.34,6.69,214.88,575795.32
3395.33,315.57,4,36.49,2.35,227.66,772992.31
1323.63,122.83,1,14.03,4.66,263.75,349107.75
1405.84,130.68,1,20.45,16.64,180.74,254088.05
1345.97,124.84,1,40.66,10.39,205.16,276144.78
3251.96,302.13,4,19.55,5.47,215.77,701672.71
2019.39,187.52,2,7.74,8.23,220.41,445098.10
1098.59,102.06,2,34.35,10.09,209.71,230391.02
2404.29,223.41,3,29.03,16.40,222.64,535299.58
5560.71,516.67,6,14.27,2.91,406.64,2261186.77
2073.60,192.76,2,12.17,6.93,242.60,503060.45
1159.18,107.63,1,66.08,1.34,310.71,360165.86
1666.66,154.80,2,25.92,9.99,199.77,332941.35
3164.35,293.90,4,68.05,13.15,217.22,687351.78
2603.51,242.01,3,24.46,4.77,199.73,519991.55
958.51,88.93,2,45.73,7.76,265.48,254469.23
1319.48,122.56,2,52.17,13.62,236.91,312601.70
3105.30,288.55,3,18.25,13.03,195.09,605806.51
1930.42,179.29,3,12.74,19.50,176.68,341066.24
879.61,81.74,1,29.17,9.81,201.80,177505.04
1115.55,103.66,1,9.17,7.96,242.17,270151.96
852.11,79.30,1,4.91,21.58,190.97,162728.04
2132.15,197.95,2,13.32,16.42,149.26,318249.46
3377.83,313.87,5,41.85,8.93,210.65,711552.78
997.85,92.80,1,35.15,18.02,171.14,170777.26
2070.69,192.55,2,65.77,5.65,242.69,502540.53
2995.54,278.25,2,3.79,17.41,211.03,632153.75
1364.00,126.72,1,25.78,13.71,191.78,261589.76
935.61,86.78,1,33.85,20.72,171.60,160548.79
3163.52,293.88,3,49.84,2.46,233.91,739974.39
2693.81,250.30,3,44.02,3.16,233.41,628751.69
1464.97,136.04,1,35.13,4.02,256.09,375168.14
2406.03,223.59,3,27.05,14.59,197.94,476240.58
1551.81,144.23,3,38.30,4.68,238.47,370060.19
3257.80,302.62,4,20.47,19.66,214.15,697670.76
2873.90,266.95,4,10.68,17.62,198.62,570813.64
2595.86,241.11,4,17.49,18.20,194.46,504788.39
3027.13,281.31,4,53.22,2.98,221.74,671235.93
2845.91,264.39,3,9.23,2.63,229.69,653675.04
2236.20,207.83,3,57.36,12.36,219.37,490561.38
899.82,83.64,2,2.16,14.84,272.24,244966.49
837.57,77.77,1,1.42,18.36,218.16,182723.95
1649.06,153.39,2,52.84,14.67,216.88,357654.80
2167.13,201.39,3,24.11,7.23,182.81,396169.62
1541.02,143.16,2,45.44,4.04,268.11,413159.51
2765.73,256.93,3,21.66,15.73,197.42,546020.21
3309.67,307.45,3,33.74,19.24,201.16,665765.37
1259.65,117.06,2,26.41,22.87,174.44,219727.32
728.87,67.64,1,17.02,1.54,292.91,213491.74
2032.91,188.91,3,66.52,12.78,247.53,503201.37
1143.52,106.05,2,42.05,1.93,276.35,316012.69
1920.27,178.29,2,5.94,1.52,240.65,462112.20
817.27,75.89,1,9.38,8.13,275.29,224982.22
1671.83,155.50,2,41.29,9.81,208.38,348382.65
3310.44,307.55,4,42.26,10.59,227.71,753820.30
1394.20,129.40,1,2.85,10.48,247.30,344782.40
3166.71,294.26,4,11.66,5.74,208.31,659671.17
2692.43,250.04,3,18.07,19.20,212.04,570910.16
1568.46,145.75,1,51.52,10.52,214.82,336934.71
709.84,66.03,1,10.88,1.17,327.05,232154.28
2338.16,217.13,2,10.77,12.40,208.66,487875.51
1015.62,94.30,1,52.32,11.65,234.00,237652.33
3347.52,311.05,5,67.47,3.72,245.90,823158.19
3135.76,291.45,4,18.41,2.85,223.95,702265.02
2475.18,229.92,2,66.42,3.14,236.51,585399.58
1287.40,119.74,1,32.54,19.13,184.53,237563.03
3336.36,309.91,3,22.33,4.64,203.41,678657.19
1370.74,127.38,1,22.13,9.82,223.05,305738.02
2915.89,270.87,3,6.46,22.33,185.50,540897.20
2025.27,188.16,3,65.13,14.37,218.78,443091.75
3042.81,282.67,5,19.71,15.07,216.08,657478.75
3212.04,298.29,4,52.06,1.89,243.50,782143.82
2101.89,195.39,3,0.96,12.05,210.76,443000.21
1181.84,109.94,1,57.53,22.60,192.94,228028.15
1320.71,122.65,2,35.88,19.34,181.65,239909.00
800.69,74.57,1,42.77,10.42,221.93,177697.71
1260.38,117.15,1,42.93,10.05,211.56,266641.54
3081.56,286.44,4,8.77,23.80,209.95,646974.51
2635.78,244.79,4,14.40,20.89,213.60,563008.07
1062.44,98.51,1,48.99,12.48,206.87,219781.60
2469.36,229.35,2,23.27,12.20,184.86,456488.28
1160.42,107.65,2,66.80,10.96,289.28,335687.12
2778.01,258.01,3,8.52,4.22,215.87,599684.49
2392.20,222.30,3,51.85,5.90,230.18,550630.00
1240.35,115.29,1,58.51,7.27,232.14,287935.04
1522.11,141.37,1,28.41,14.45,175.59,267263.79
2843.83,264.17,3,38.71,10.23,195.81,556845.03
1694.69,157.35,3,31.33,7.48,242.01,410133.06
1242.47,115.62,2,14.28,7.46,228.44,283832.70
1143.17,106.28,1,9.50,23.30,188.78,215807.84
3157.86,293.23,4,36.28,8.18,207.18,654254.66
2720.44,252.76,3,11.83,14.08,215.56,586425.03
2136.24,198.52,2,54.46,19.26,219.05,467936.05
3002.10,279.03,3,19.52,12.45,188.95,567254.67
2711.92,251.82,4,56.83,19.52,247.34,670765.39
1608.28,149.38,2,25.31,8.75,225.64,362890.17
2359.72,219.22,3,34.78,19.09,213.51,503830.87
2689.68,249.86,2,32.30,9.88,209.29,562920.69
740.25,68.73,1,20.75,4.64,219.77,162684.32
2897.56,269.16,4,34.58,19.68,190.10,550814.66
3130.82,290.90,5,16.68,17.32,204.68,640828.10
2728.29,253.45,4,47.57,16.73,214.59,585454.95
2775.62,257.86,3,22.83,24.59,207.80,576781.16
2185.30,203.10,3,54.12,12.82,206.05,450281.64
3109.07,288.88,4,59.91,13.52,242.55,754109.00
1338.66,124.32,1,32.44,8.73,217.25,290827.42
1760.20,163.42,2,65.00,23.38,213.75,376243.19
747.29,69.41,2,52.65,14.22,291.29,217682.14
1335.48,124.02,2,5.82,3.36,249.22,332824.08
1441.57,133.93,1,55.09,10.31,251.04,361892.28
1602.72,148.95,2,63.51,17.01,252.92,405354.52
2968.04,275.72,3,55.48,4.90,222.10,659207.96
2367.72,220.04,4,62.29,5.78,227.97,539778.28
3092.49,287.50,4,4.21,24.35,197.12,609583.49
894.02,82.97,1,27.19,11.43,213.67,191021.92
1419.84,131.72,1,67.14,10.50,273.23,387948.54
3229.48,300.06,4,51.01,1.71,225.88,729476.01
1272.69,118.26,2,60.01,1.29,274.92,349893.87
1781.41,165.34,3,18.31,9.11,247.38,440684.45
997.87,92.57,3,28.44,10.25,250.87,250331.11
3158.75,293.28,5,12.48,17.89,210.64,665360.33
1403.41,130.59,1,3.16,22.95,200.95,282014.32
1992.49,185.11,3,65.40,18.07,229.58,457441.84
2198.50,204.24,3,25.91,24.49,194.61,427857.50
2843.24,264.13,3,38.34,13.99,206.21,586314.55
1349.34,125.39,1,1.24,17.56,217.03,292844.51
3027.40,281.32,4,40.95,4.10,216.00,653933.70
1293.47,120.27,3,10.45,10.03,248.87,321907.07
2645.05,245.76,3,15.42,2.01,225.58,596665.18
2642.94,245.55,3,39.66,4.48,218.42,577278.32
2419.05,224.69,3,65.41,9.51,230.43,557414.99
3104.86,288.34,4,61.73,21.09,231.64,719197.98
2873.03,266.88,4,64.88,1.34,255.01,732664.24
2070.08,192.27,2,2.82,14.91,208.13,430835.61
1765.27,164.03,2,25.91,16.11,201.15,355092.80
1326.89,123.17,2,47.28,10.94,230.51,305858.39
1556.61,144.61,2,48.96,19.73,192.70,299955.01
2958.54,274.99,3,38.25,2.78,197.61,584651.51
2838.38,263.59,3,65.98,9.20,221.93,629923.12
2757.40,256.12,4,64.15,24.92,206.57,569604.83
2579.79,239.60,3,4.92,3.14,247.22,637768.87
797.48,74.05,1,47.03,14.85,189.93,151468.52
3023.43,280.92,4,42.95,7.12,204.71,618937.57
2152.54,199.94,2,20.39,4.09,237.00,510150.02
3331.73,309.57,4,49.95,11.57,220.00,732972.70
1429.93,132.89,1,10.71,19.50,197.54,282461.08
3181.15,295.45,3,18.51,7.66,214.19,681375.65
2356.09,218.74,4,42.81,3.42,190.75,449423.06
3180.96,295.51,5,52.62,6.41,217.39,691512.10
2968.29,275.93,4,54.33,24.25,194.08,576074.81
2165.28,201.25,2,18.38,1.38,241.59,523108.25
915.03,84.79,2,66.91,1.99,344.02,314792.77
3252.25,302.15,4,17.88,8.45,195.27,635079.25
3317.03,308.21,4,45.93,13.88,245.73,815085.87
2643.33,245.59,4,60.37,6.98,236.59,625383.04
3037.04,282.11,5,13.99,16.23,224.81,682744.65
1682.14,156.37,2,15.88,24.31,179.63,302158.18
2253.41,209.36,2,52.75,12.46,225.19,507451.05
1934.05,179.62,2,54.18,15.84,207.16,400666.34
1674.07,155.42,2,21.95,18.83,206.51,345704.95
2588.81,240.55,1,37.86,17.33,192.03,497126.75
1759.66,163.52,3,27.83,7.23,214.40,377279.79
1477.49,137.29,1,26.13,22.76,171.01,252669.56
2496.19,231.88,3,11.88,11.64,216.95,541557.78
847.57,78.61,1,32.22,11.67,230.54,195397.29
974.36,90.47,2,51.28,10.35,268.60,261714.85
2127.08,197.56,3,22.34,10.51,202.83,431435.30
2858.59,265.50,4,2.45,4.10,224.45,641598.97
2878.97,267.51,4,4.73,23.87,194.88,561062.07
2488.63,231.19,3,21.59,11.75,173.18,430981.29
2112.19,196.27,2,15.07,1.85,246.31,520248.42
1983.86,184.18,1,24.00,20.96,173.08,343374.23
722.46,67.18,2,44.72,22.95,180.29,130252.06
2327.20,216.25,3,50.75,3.26,231.79,539410.98
1658.42,153.93,3,55.76,3.68,236.97,392994.46
3176.29,295.14,4,41.74,9.24,225.07,714886.66
2235.25,207.63,3,66.58,2.00,245.43,548603.29
2317.62,215.42,2,39.43,8.17,195.48,453036.95
2056.78,190.99,1,26.83,6.26,224.99,462764.51
1701.94,158.28,2,67.82,7.20,267.25,454839.09
3366.40,312.81,4,39.77,13.17,187.93,632641.57
1427.14,132.55,1,28.67,17.80,164.95,235402.47
2569.09,238.63,3,6.45,6.81,242.82,623831.08
2813.28,261.34,4,47.78,23.32,206.40,580664.90
2532.26,235.14,4,53.58,19.28,203.07,514228.74
2331.59,216.53,3,48.41,16.61,193.01,450009.85
3189.66,296.45,4,57.37,21.78,211.49,674587.51
889.62,82.69,2,68.70,1.33,381.61,339488.22
2568.40,238.60,3,49.56,19.46,204.03,524036.13
2225.01,206.65,4,6.37,13.58,214.08,476320.64
1609.42,149.48,3,18.43,12.06,231.98,373350.43
2719.11,252.55,4,62.53,12.60,211.66,575536.67
2927.83,272.00,4,50.04,11.98,204.50,598738.21
1908.36,177.15,3,33.42,22.58,210.63,401962.11
1791.20,166.42,2,3.61,24.20,187.90,336560.36
2396.54,222.70,3,52.11,11.50,258.06,618452.89
2396.77,222.71,3,24.30,3.80,242.45,581106.06
2695.47,250.30,3,8.60,9.98,243.35,655934.76
777.80,72.19,1,11.29,2.64,271.83,211428.33
922.40,85.81,1,15.28,23.92,170.90,157639.51
1461.42,135.77,2,53.49,19.55,202.65,296155.17
1817.75,169.01,2,40.88,2.18,259.52,471751.38
973.82,90.35,2,64.14,2.96,318.88,310536.43
2525.84,234.73,3,49.89,15.03,214.73,542362.25
3261.35,303.01,4,14.67,10.88,208.85,681146.05
2519.65,234.13,3,9.37,21.05,202.97,511417.89
3181.14,295.48,4,53.96,1.85,240.22,764162.31
1942.54,180.50,2,8.38,18.37,208.19,404425.53
1179.15,109.50,2,53.22,23.70,178.10,210002.51
773.61,71.97,2,46.27,21.20,196.31,151866.44
2628.99,244.16,2,56.42,20.74,186.41,490070.70
1712.90,159.07,2,53.47,11.80,219.55,376061.09
1751.60,162.60,3,63.97,23.38,215.88,378137.74
2933.14,272.44,3,44.65,7.90,183.26,537539.29
2858.28,265.62,3,9.37,10.47,214.97,614453.72
